Workbook

Sheet 2003 Expected
A1: Race | B1: VER-RED-2003-points | C1: VER-RED-2003-points-cum | D1: VER-RED-2003-price | E1: VER-RED-2003-price-cum | F1: VER-RED-2003-ppm | G1: RIC-ALT-2003-points | H1: RIC-ALT-2003-points-cum | I1: RIC-ALT-2003-price | J1: RIC-ALT-2003-price-cum | K1: RIC-ALT-2003-ppm | L1: RED-2003-points | M1: RED-2003-points-cum | N1: RED-2003-price | O1: RED-2003-price-cum | P1: RED-2003-ppm
A2: 1 | B2: {=TRANSPOSE('2023 Actual'!C1:X1)} -> 35 | C2: 0 | D2: {=TRANSPOSE('2023 Actual'!C2:X2)} -> 26.9 | E2: 0 | G2: {=TRANSPOSE('2023 Actual'!C3:X3)} -> 0 | H2: 0 | I2: {=TRANSPOSE('2023 Actual'!C4:X4)} -> 0 | J2: 0 | L2: {=TRANSPOSE('2023 Actual'!C5:X5)} -> 78 | M2: 0 | N2: {=TRANSPOSE('2023 Actual'!C6:X6)} -> 27.2 | O2: 0
A3: 2 | B3: 61 | C3: =B2 -> 35 | D3: 27 | E3: =D2 -> 26.9 | F3: =C3/E3 -> 1.3011152 | G3: 0 | H3: =G2 -> 0 | I3: 0 | J3: =I2 -> 0 | L3: 95 | M3: =L2 -> 78 | N3: 27.3 | O3: =N2 -> 27.2 | P3: =M3/O3 -> 2.8676471
A4: 3 | B4: 36 | C4: =SUM(B2:B3) -> 96 | D4: 27.1 | E4: =SUM(D2:D3) -> 53.9 | F4: =C4/E4 -> 1.7810761 | G4: 0 | H4: =SUM(G2:G3) -> 0 | I4: 0 | J4: =SUM(I2:I3) -> 0 | L4: 98 | M4: =SUM(L2:L3) -> 173 | N4: 27.4 | O4: =SUM(N2:N3) -> 54.5 | P4: =M4/O4 -> 3.1743119
A5: 4 | B5: 37 | C5: =SUM(B2:B4) -> 132 | D5: 27.2 | E5: =SUM(D2:D4) -> 81 | F5: =C5/E5 -> 1.6296296 | G5: 0 | H5: =SUM(G2:G4) -> 0 | I5: 0 | J5: =SUM(I2:I4) -> 0 | L5: 108 | M5: =SUM(L2:L4) -> 271 | N5: 27.5 | O5: =SUM(N2:N4) -> 81.9 | P5: =M5/O5 -> 3.3089133
A6: 5 | B6: 64 | C6: =SUM(B3:B5) -> 134 | D6: 27.3 | E6: =SUM(D3:D5) -> 81.3 | F6: =C6/E6 -> 1.6482165 | G6: 0 | H6: =SUM(G3:G5) -> 0 | I6: 0 | J6: =SUM(I3:I5) -> 0 | L6: 97 | M6: =SUM(L3:L5) -> 301 | N6: 27.6 | O6: =SUM(N3:N5) -> 82.2 | P6: =M6/O6 -> 3.6618005
A7: 6 | B7: 35 | C7: =SUM(B4:B6) -> 137 | D7: 27.4 | E7: =SUM(D4:D6) -> 81.6 | F7: =C7/E7 -> 1.6789216 | G7: 0 | H7: =SUM(G4:G6) -> 0 | I7: 0 | J7: =SUM(I4:I6) -> 0 | L7: 63 | M7: =SUM(L4:L6) -> 303 | N7: 27.7 | O7: =SUM(N4:N6) -> 82.5 | P7: =M7/O7 -> 3.6727273
A8: 7 | B8: 46 | C8: =SUM(B5:B7) -> 136 | D8: 27.5 | E8: =SUM(D5:D7) -> 81.9 | F8: =C8/E8 -> 1.6605617 | G8: 0 | H8: =SUM(G5:G7) -> 0 | I8: 0 | J8: =SUM(I5:I7) -> 0 | L8: 96 | M8: =SUM(L5:L7) -> 268 | N8: 27.8 | O8: =SUM(N5:N7) -> 82.8 | P8: =M8/O8 -> 3.236715
A9: 8 | B9: 35 | C9: =SUM(B6:B8) -> 145 | D9: 27.6 | E9: =SUM(D6:D8) -> 82.2 | F9: =C9/E9 -> 1.7639903 | G9: 0 | H9: =SUM(G6:G8) -> 0 | I9: 0 | J9: =SUM(I6:I8) -> 0 | L9: 86 | M9: =SUM(L6:L8) -> 256 | N9: 27.9 | O9: =SUM(N6:N8) -> 83.1 | P9: =M9/O9 -> 3.0806258
A10: 9 | B10: 56 | C10: =SUM(B7:B9) -> 116 | D10: 27.8 | E10: =SUM(D7:D9) -> 82.5 | F10: =C10/E10 -> 1.4060606 | G10: 0 | H10: =SUM(G7:G9) -> 0 | I10: 0 | J10: =SUM(I7:I9) -> 0 | L10: 112 | M10: =SUM(L7:L9) -> 245 | N10: 28.1 | O10: =SUM(N7:N9) -> 83.4 | P10: =M10/O10 -> 2.9376499
A11: 10 | B11: 46 | C11: =SUM(B8:B10) -> 137 | D11: 27.9 | E11: =SUM(D8:D10) -> 82.9 | F11: =C11/E11 -> 1.6525935 | G11: 0 | H11: =SUM(G8:G10) -> 0 | I11: 0 | J11: =SUM(I8:I10) -> 0 | L11: 77 | M11: =SUM(L8:L10) -> 294 | N11: 28.2 | O11: =SUM(N8:N10) -> 83.8 | P11: =M11/O11 -> 3.5083532
A12: 11 | B12: 46 | C12: =SUM(B9:B11) -> 137 | D12: 28.1 | E12: =SUM(D9:D11) -> 83.3 | F12: =C12/E12 -> 1.6446579 | G12: 2 | H12: =SUM(G9:G11) -> 0 | I12: 4.5 | J12: =SUM(I9:I11) -> 0 | L12: 95 | M12: =SUM(L9:L11) -> 275 | N12: 28.4 | O12: =SUM(N9:N11) -> 84.2 | P12: =M12/O12 -> 3.2660333
A13: 12 | B13: 68 | C13: =SUM(B10:B12) -> 148 | D13: 28.3 | E13: =SUM(D10:D12) -> 83.8 | F13: =C13/E13 -> 1.7661098 | G13: 7 | H13: =SUM(G10:G12) -> 2 | I13: 4.5 | J13: =SUM(I10:I12) -> 4.5 | K13: =H13/J13 -> 0.44444444 | L13: 80 | M13: =SUM(L10:L12) -> 284 | N13: 28.6 | O13: =SUM(N10:N12) -> 84.7 | P13: =M13/O13 -> 3.3530106
A14: 13 | B14: 46 | C14: =SUM(B11:B13) -> 160 | D14: 28.5 | E14: =SUM(D11:D13) -> 84.3 | F14: =C14/E14 -> 1.8979834 | G14: 0 | H14: =SUM(G11:G13) -> 9 | I14: 0 | J14: =SUM(I11:I13) -> 9 | K14: =H14/J14 -> 1 | L14: 101 | M14: =SUM(L11:L13) -> 252 | N14: 28.7 | O14: =SUM(N11:N13) -> 85.2 | P14: =M14/O14 -> 2.9577465
A15: 14 | B15: 38 | C15: =SUM(B12:B14) -> 160 | D15: 28.6 | E15: =SUM(D12:D14) -> 84.9 | F15: =C15/E15 -> 1.8845701 | G15: 0 | H15: =SUM(G12:G14) -> 9 | I15: 0 | J15: =SUM(I12:I14) -> 9 | K15: =H15/J15 -> 1 | L15: 81 | M15: =SUM(L12:L14) -> 276 | N15: 28.8 | O15: =SUM(N12:N14) -> 85.7 | P15: =M15/O15 -> 3.2205368
A16: 15 | B16: 25 | C16: =SUM(B13:B15) -> 152 | D16: 28.8 | E16: =SUM(D13:D15) -> 85.4 | F16: =C16/E16 -> 1.7798595 | G16: 0 | H16: =SUM(G13:G15) -> 7 | I16: 0 | J16: =SUM(I13:I15) -> 4.5 | K16: =H16/J16 -> 1.5555556 | L16: 54 | M16: =SUM(L13:L15) -> 262 | N16: 29 | O16: =SUM(N13:N15) -> 86.1 | P16: =M16/O16 -> 3.0429733
A17: 16 | B17: 47 | C17: =SUM(B14:B16) -> 109 | D17: 28.9 | E17: =SUM(D14:D16) -> 85.9 | F17: =C17/E17 -> 1.2689173 | G17: 0 | H17: =SUM(G14:G16) -> 0 | I17: 0 | J17: =SUM(I14:I16) -> 0 | L17: 46 | M17: =SUM(L14:L16) -> 236 | N17: 29.1 | O17: =SUM(N14:N16) -> 86.5 | P17: =M17/O17 -> 2.7283237
A18: 17 | B18: 62 | C18: =SUM(B15:B17) -> 110 | D18: 29.1 | E18: =SUM(D15:D17) -> 86.3 | F18: =C18/E18 -> 1.2746234 | G18: 0 | H18: =SUM(G15:G17) -> 0 | I18: 0 | J18: =SUM(I15:I17) -> 0 | L18: 64 | M18: =SUM(L15:L17) -> 181 | N18: 29.2 | O18: =SUM(N15:N17) -> 86.9 | P18: =M18/O18 -> 2.0828539
A19: 18 | B19: 53 | C19: =SUM(B16:B18) -> 134 | D19: 29.3 | E19: =SUM(D16:D18) -> 86.8 | F19: =C19/E19 -> 1.5437788 | G19: 1 | H19: =SUM(G16:G18) -> 0 | I19: 4.5 | J19: =SUM(I16:I18) -> 0 | L19: 95 | M19: =SUM(L16:L18) -> 164 | N19: 29.3 | O19: =SUM(N16:N18) -> 87.3 | P19: =M19/O19 -> 1.8785796
A20: 19 | B20: 42 | C20: =SUM(B17:B19) -> 162 | D20: 29.5 | E20: =SUM(D17:D19) -> 87.3 | F20: =C20/E20 -> 1.8556701 | G20: 12 | H20: =SUM(G17:G19) -> 1 | I20: 4.5 | J20: =SUM(I17:I19) -> 4.5 | K20: =H20/J20 -> 0.22222222 | L20: 45 | M20: =SUM(L17:L19) -> 205 | N20: 29.4 | O20: =SUM(N17:N19) -> 87.6 | P20: =M20/O20 -> 2.3401826
A21: 20 | B21: 45 | C21: =SUM(B18:B20) -> 157 | D21: 29.7 | E21: =SUM(D18:D20) -> 87.9 | F21: =C21/E21 -> 1.7861206 | G21: 10 | H21: =SUM(G18:G20) -> 13 | I21: 5 | J21: =SUM(I18:I20) -> 9 | K21: =H21/J21 -> 1.4444444 | L21: 105 | M21: =SUM(L18:L20) -> 204 | N21: 29.4 | O21: =SUM(N18:N20) -> 87.9 | P21: =M21/O21 -> 2.3208191
A22: 21 | B22: 44 | C22: =SUM(B19:B21) -> 140 | D22: 29.9 | E22: =SUM(D19:D21) -> 88.5 | F22: =C22/E22 -> 1.5819209 | G22: 6 | H22: =SUM(G19:G21) -> 23 | I22: 5.5 | J22: =SUM(I19:I21) -> 14 | K22: =H22/J22 -> 1.6428571 | L22: 84 | M22: =SUM(L19:L21) -> 245 | N22: 29.6 | O22: =SUM(N19:N21) -> 88.1 | P22: =M22/O22 -> 2.7809308
A23: 22 | B23: 47 | C23: =SUM(B20:B22) -> 131 | D23: 30 | E23: =SUM(D20:D22) -> 89.1 | F23: =C23/E23 -> 1.4702581 | G23: 11 | H23: =SUM(G20:G22) -> 28 | I23: 5.5 | J23: =SUM(I20:I22) -> 15 | K23: =H23/J23 -> 1.8666667 | L23: 87 | M23: =SUM(L20:L22) -> 234 | N23: 29.7 | O23: =SUM(N20:N22) -> 88.4 | P23: =M23/O23 -> 2.6470588

Sheet 2023 Actual
A1: VER | B1: RED | C1: 35 | D1: 61 | E1: 36 | F1: 37 | G1: 64 | H1: 35 | I1: 46 | J1: 35 | K1: 56 | L1: 46 | M1: 46 | N1: 68 | O1: 46 | P1: 38 | Q1: 25 | R1: 47 | S1: 62 | T1: 53 | U1: 42 | V1: 45 | W1: 44 | X1: 47
A2: VER | B2: RED | C2: 26.9 | D2: 27 | E2: 27.1 | F2: 27.2 | G2: 27.3 | H2: 27.4 | I2: 27.5 | J2: 27.6 | K2: 27.8 | L2: 27.9 | M2: 28.1 | N2: 28.3 | O2: 28.5 | P2: 28.6 | Q2: 28.8 | R2: 28.9 | S2: 29.1 | T2: 29.3 | U2: 29.5 | V2: 29.7 | W2: 29.9 | X2: 30
A3: RIC | B3: ALT | M3: 2 | N3: 7 | T3: 1 | U3: 12 | V3: 10 | W3: 6 | X3: 11
A4: RIC | B4: ALT | M4: 4.5 | N4: 4.5 | T4: 4.5 | U4: 4.5 | V4: 5 | W4: 5.5 | X4: 5.5
B5: RED | C5: 78 | D5: 95 | E5: 98 | F5: 108 | G5: 97 | H5: 63 | I5: 96 | J5: 86 | K5: 112 | L5: 77 | M5: 95 | N5: 80 | O5: 101 | P5: 81 | Q5: 54 | R5: 46 | S5: 64 | T5: 95 | U5: 45 | V5: 105 | W5: 84 | X5: 87
B6: RED | C6: 27.2 | D6: 27.3 | E6: 27.4 | F6: 27.5 | G6: 27.6 | H6: 27.7 | I6: 27.8 | J6: 27.9 | K6: 28.1 | L6: 28.2 | M6: 28.4 | N6: 28.6 | O6: 28.7 | P6: 28.8 | Q6: 29 | R6: 29.1 | S6: 29.2 | T6: 29.3 | U6: 29.4 | V6: 29.4 | W6: 29.6 | X6: 29.7

Sheet 2004 Expected
A1: Race | B1: BEA-2003-points-total | C1: BEA-2003-points-cum | D1: BEA-2003-price-total | E1: BEA-2003-price-total-cum | F1: BEA-2003-ppm
A2: 1 | B2: {=TRANSPOSE('2004 Actual'!C3:Z3)} -> 0 | C2: 0 | D2: {=TRANSPOSE('2004 Actual'!C6:Z6)} -> 0 | E2: 0
A3: 2 | B3: 26 | C3: =B2 -> 0 | D3: 14 | E3: =D2 -> 0
A4: 3 | B4: 0 | C4: =SUM(B2:B3) -> 26 | D4: 0 | E4: =SUM(D2:D3) -> 14 | F4: =C4/E4 -> 1.8571429
A5: 4 | B5: 0 | C5: =SUM(B2:B4) -> 26 | D5: 0 | E5: =SUM(D2:D4) -> 14 | F5: =C5/E5 -> 1.8571429
A6: 5 | B6: 0 | C6: =SUM(B3:B5) -> 26 | D6: 0 | E6: =SUM(D3:D5) -> 14 | F6: =C6/E6 -> 1.8571429
A7: 6 | B7: 0 | C7: =SUM(B4:B6) -> 0 | D7: 0 | E7: =SUM(D4:D6) -> 0
A8: 7 | B8: 0 | C8: =SUM(B5:B7) -> 0 | D8: 0 | E8: =SUM(D5:D7) -> 0
A9: 8 | B9: 0 | C9: =SUM(B6:B8) -> 0 | D9: 0 | E9: =SUM(D6:D8) -> 0
A10: 9 | B10: 0 | C10: =SUM(B7:B9) -> 0 | D10: 0 | E10: =SUM(D7:D9) -> 0
A11: 10 | B11: 0 | C11: =SUM(B8:B10) -> 0 | D11: 0 | E11: =SUM(D8:D10) -> 0
A12: 11 | B12: 0 | C12: =SUM(B9:B11) -> 0 | D12: 0 | E12: =SUM(D9:D11) -> 0
A13: 12 | B13: 0 | C13: =SUM(B10:B12) -> 0 | D13: 0 | E13: =SUM(D10:D12) -> 0
A14: 13 | B14: 0 | C14: =SUM(B11:B13) -> 0 | D14: 0 | E14: =SUM(D11:D13) -> 0
A15: 14 | B15: 0 | C15: =SUM(B12:B14) -> 0 | D15: 0 | E15: =SUM(D12:D14) -> 0
A16: 15 | B16: 0 | C16: =SUM(B13:B15) -> 0 | D16: 0 | E16: =SUM(D13:D15) -> 0
A17: 16 | B17: 0 | C17: =SUM(B14:B16) -> 0 | D17: 0 | E17: =SUM(D14:D16) -> 0
A18: 17 | B18: 7 | C18: =SUM(B15:B17) -> 0 | D18: 15 | E18: =SUM(D15:D17) -> 0
A19: 18 | B19: 0 | C19: =SUM(B16:B18) -> 7 | D19: 0 | E19: =SUM(D16:D18) -> 15 | F19: =C19/E19 -> 0.46666667
A20: 19 | B20: 0 | C20: =SUM(B17:B19) -> 7 | D20: 0 | E20: =SUM(D17:D19) -> 15 | F20: =C20/E20 -> 0.46666667
A21: 20 | B21: 0 | C21: =SUM(B18:B20) -> 7 | D21: 0 | E21: =SUM(D18:D20) -> 15 | F21: =C21/E21 -> 0.46666667
A22: 21 | B22: 14 | C22: =SUM(B19:B21) -> 0 | D22: 13.3 | E22: =SUM(D19:D21) -> 0
A23: 22 | B23: 0 | C23: =SUM(B20:B22) -> 14 | D23: 0 | E23: =SUM(D20:D22) -> 13.3 | F23: =C23/E23 -> 1.0526316
A24: 23 | B24: 0 | C24: =SUM(B21:B23) -> 14 | D24: 0 | E24: =SUM(D21:D23) -> 13.3 | F24: =C24/E24 -> 1.0526316
A25: 24 | B25: 0 | C25: =SUM(B22:B24) -> 14 | D25: 0 | E25: =SUM(D22:D24) -> 13.3 | F25: =C25/E25 -> 1.0526316

Sheet 2004 Actual
A1: BEA | B1: FER | D1: 26
A2: BEA | B2: HAA | S2: 7 | W2: 14
A3: BEA | C3: =C1+C2 -> 0 | D3: =D1+D2 -> 26 | E3: =E1+E2 -> 0 | F3: =F1+F2 -> 0 | G3: =G1+G2 -> 0 | H3: =H1+H2 -> 0 | I3: =I1+I2 -> 0 | J3: =J1+J2 -> 0 | ... Z3: =Z1+Z2 -> 0
A4: BEA | B4: FER | D4: 14
A5: BEA | B5: HAA | S5: 15 | W5: 13.3
A6: BEA | C6: =SUM(C4:C5) -> 0 | D6: =SUM(D4:D5) -> 14 | E6: =SUM(E4:E5) -> 0 | F6: =SUM(F4:F5) -> 0 | G6: =SUM(G4:G5) -> 0 | H6: =SUM(H4:H5) -> 0 | I6: =SUM(I4:I5) -> 0 | J6: =SUM(J4:J5) -> 0 | ... Z6: =SUM(Z4:Z5) -> 0
